{"spot_diameter_fullres": 76.1760605041974, "tissue_hires_scalef": 0.20175527, "fiducial_diameter_fullres": 123.0536361990881, "tissue_lowres_scalef": 0.06052658}