{"spot_diameter_fullres": 76.15733159586186, "tissue_hires_scalef": 0.2034174, "fiducial_diameter_fullres": 123.02338180869994, "tissue_lowres_scalef": 0.061025225}